Workbook

Sheet Overview
A1: UK GRC Risk Register + Compliance Mapping Tool
A3: How to use
A4: • Use the Risk_Register sheet to record risks and enter only the blue input cells.
A5: • Likelihood, impact, and control strength drive the inherent and residual score formulas.
A6: • Choose a Domain from the dropdown to auto-fill ISO 27001 and UK GDPR / DPA mappings.
A7: • Use Dashboard for a management-style snapshot of current risk posture and overdue items.
A8: • Commit the workbook and README to GitHub as a portfolio project.
A11: Scoring logic
A12: Metric | B12: Scale / Formula | C12: Meaning
A13: Likelihood | B13: 1-5 | C13: 1 = rare, 5 = almost certain
A14: Impact | B14: 1-5 | C14: 1 = low, 5 = severe
A15: Inherent score | B15: Likelihood × Impact | C15: Score before control strength is considered
A16: Control strength | B16: 1-5 | C16: 1 = weak controls, 5 = strong controls
A17: Residual score | B17: Residual Likelihood × Residual Impact | C17: Score after control effect

Sheet Lookup_Lists
A1: Domains | C1: Status | E1: Owners
A2: Access Control | C2: Open | E2: Security Team
A3: Data Protection / DLP | C3: In Progress | E3: IT Operations
A4: Asset Inventory | C4: Mitigated | E4: Compliance
A5: Third-Party Risk | C5: Accepted | E5: Engineering
A6: Vulnerability Management | C6: Closed | E6: Data Protection Lead
A7: Logging & Monitoring | E7: Third-Party Manager
A8: Incident Response
A9: Backup & Recovery
A10: Network Segmentation
A11: OT / ICS Security

Sheet Control_Library
A1: Domain | B1: ISO 27001:2022 Control Mapping | C1: UK GDPR / DPA 2018 Mapping | D1: Typical Gap / Finding | E1: Example Recommendation
A2: Access Control | B2: 5.15 Access control; 8.2 Privileged access rights; 8.3 Information access restriction | C2: Integrity & confidentiality principle; Art. 32 security of processing | D2: User access reviews are ad hoc or undocumented | E2: Implement quarterly access reviews, role-based access, and privileged account monitoring
A3: Data Protection / DLP | B3: 5.12 Classification of information; 5.14 Information transfer; 8.12 Data leakage prevention | C3: Lawfulness/fairness/transparency; storage limitation; Art. 32 security of processing | D3: No formal DLP rules for email and cloud data movement | E3: Deploy DLP policies, encryption, and approved transfer channels for personal data
A4: Asset Inventory | B4: 5.9 Inventory of information and other associated assets | C4: Accountability principle | D4: Incomplete inventory of information assets and owners | E4: Create and maintain an asset inventory with business owner, classification, and review cadence
A5: Third-Party Risk | B5: 5.19 Information security in supplier relationships; 5.20 Addressing supplier agreements | C5: Processor due diligence; Art. 28 processor obligations | D5: Supplier security clauses and due diligence are inconsistent | E5: Introduce vendor risk assessments and standard contractual security requirements
A6: Vulnerability Management | B6: 8.8 Management of technical vulnerabilities | C6: Art. 32 security of processing | D6: Scanning, remediation SLAs, or exception tracking are not formalised | E6: Define vulnerability management SLAs, track remediation, and escalate overdue critical findings
A7: Logging & Monitoring | B7: 8.15 Logging; 8.16 Monitoring activities | C7: Accountability and security of processing | D7: Security logs are not centrally retained or regularly reviewed | E7: Enable central logging, alert tuning, and evidence retention aligned to policy
A8: Incident Response | B8: 5.24 Incident management planning; 5.25 Assessment and decision on events | C8: Art. 33/34 breach notification and communication | D8: Incident process exists but testing and breach escalation criteria are weak | E8: Run tabletop exercises and define breach assessment and notification workflows
A9: Backup & Recovery | B9: 8.13 Information backup | C9: Availability and resilience under Art. 32 | D9: Backup testing and restore evidence are incomplete | E9: Schedule restore testing, retention reviews, and evidence capture for critical systems
A10: Network Segmentation | B10: 8.20 Network security | C10: Art. 32 appropriate technical measures | D10: Flat networks increase lateral movement risk | E10: Segment critical systems, restrict east-west traffic, and document firewall rule reviews
A11: OT / ICS Security | B11: 8.20 Network security; 8.9 Configuration management; 8.19 Installation of software on operational systems | C11: Security of processing / safety-aligned technical measures | D11: Industrial devices lack hardening standards and segmentation review | E11: Define OT baseline hardening, secure remote access, and segmented architecture reviews

Sheet Risk_Register
A1: Risk ID | B1: Domain | C1: Asset / Process | D1: Risk Statement | E1: Threat Source | F1: Existing Control Status | G1: Likelihood (1-5) | H1: Impact (1-5) | I1: Inherent Score | J1: Inherent Rating | K1: Control Strength (1-5) | L1: Residual Likelihood | M1: Residual Impact | N1: Residual Score | O1: Residual Rating | P1: ISO 27001 Mapping | Q1: UK GDPR / DPA Mapping | R1: Typical Gap / Finding | S1: Recommendation | T1: Owner | U1: Target Date | V1: Status | W1: Evidence / Notes
A2: =IF(B2="","","R-"&TEXT(ROW()-1,"000")) -> R-001 | B2: Data Protection / DLP | C2: Microsoft 365 email and OneDrive | D2: Sensitive personal data could be shared externally without approval | E2: Human error / misconfiguration | F2: Basic email controls in place | G2: 4 | H2: 5 | I2: =IF(OR(G2="",H2=""),"",G2*H2) -> 20 | J2: =IF(I2="","",IF(I2>=15,"High",IF(I2>=8,"Medium","Low"))) -> High | K2: 3 | L2: =IF(OR(G2="",K2=""),"",MAX(1,G2-ROUND(K2/2,0))) -> 2 | M2: =IF(OR(H2="",K2=""),"",MAX(1,H2-ROUND(K2/3,0))) -> 4 | N2: =IF(OR(L2="",M2=""),"",L2*M2) -> 8 | O2: =IF(N2="","",IF(N2>=15,"High",IF(N2>=8,"Medium","Low"))) -> Medium | P2: =IFERROR(VLOOKUP(B2,Control_Library!$A$2:$E$11,2,FALSE),"") -> 5.12 Classification of information; 5.14 Information transfer; 8.12 Data leakage prevention | Q2: =IFERROR(VLOOKUP(B2,Control_Library!$A$2:$E$11,3,FALSE),"") -> Lawfulness/fairness/transparency; storage limitation; Art. 32 security of processing | R2: =IFERROR(VLOOKUP(B2,Control_Library!$A$2:$E$11,4,FALSE),"") -> No formal DLP rules for email and cloud data movement | S2: =IFERROR(VLOOKUP(B2,Control_Library!$A$2:$E$11,5,FALSE),"") -> Deploy DLP policies, encryption, and approved transfer channels for personal data | T2: Data Protection Lead | U2: 46139.844 | V2: Open | W2: Sample scenario aligned to Purview / DLP experience
A3: =IF(B3="","","R-"&TEXT(ROW()-1,"000")) -> R-002 | B3: Third-Party Risk | C3: Critical SaaS supplier onboarding | D3: A supplier may process data without adequate contractual or security controls | E3: Supplier onboarding gaps | F3: Security review checklist used inconsistently | G3: 3 | H3: 4 | I3: =IF(OR(G3="",H3=""),"",G3*H3) -> 12 | J3: =IF(I3="","",IF(I3>=15,"High",IF(I3>=8,"Medium","Low"))) -> Medium | K3: 2 | L3: =IF(OR(G3="",K3=""),"",MAX(1,G3-ROUND(K3/2,0))) -> 2 | M3: =IF(OR(H3="",K3=""),"",MAX(1,H3-ROUND(K3/3,0))) -> 3 | N3: =IF(OR(L3="",M3=""),"",L3*M3) -> 6 | O3: =IF(N3="","",IF(N3>=15,"High",IF(N3>=8,"Medium","Low"))) -> Low | P3: =IFERROR(VLOOKUP(B3,Control_Library!$A$2:$E$11,2,FALSE),"") -> 5.19 Information security in supplier relationships; 5.20 Addressing supplier agreements | Q3: =IFERROR(VLOOKUP(B3,Control_Library!$A$2:$E$11,3,FALSE),"") -> Processor due diligence; Art. 28 processor obligations | R3: =IFERROR(VLOOKUP(B3,Control_Library!$A$2:$E$11,4,FALSE),"") -> Supplier security clauses and due diligence are inconsistent | S3: =IFERROR(VLOOKUP(B3,Control_Library!$A$2:$E$11,5,FALSE),"") -> Introduce vendor risk assessments and standard contractual security requirements | T3: Third-Party Manager | U3: 46154.844 | V3: In Progress | W3: Use to discuss vendor risk management
A4: =IF(B4="","","R-"&TEXT(ROW()-1,"000")) -> R-003 | B4: Logging & Monitoring | C4: Endpoint and cloud audit logs | D4: Insufficient monitoring could delay detection of suspicious activity | E4: Threat actor / insider misuse | F4: CrowdStrike and M365 logs available but not fully centralised | G4: 4 | H4: 4 | I4: =IF(OR(G4="",H4=""),"",G4*H4) -> 16 | J4: =IF(I4="","",IF(I4>=15,"High",IF(I4>=8,"Medium","Low"))) -> High | K4: 3 | L4: =IF(OR(G4="",K4=""),"",MAX(1,G4-ROUND(K4/2,0))) -> 2 | M4: =IF(OR(H4="",K4=""),"",MAX(1,H4-ROUND(K4/3,0))) -> 3 | N4: =IF(OR(L4="",M4=""),"",L4*M4) -> 6 | O4: =IF(N4="","",IF(N4>=15,"High",IF(N4>=8,"Medium","Low"))) -> Low | P4: =IFERROR(VLOOKUP(B4,Control_Library!$A$2:$E$11,2,FALSE),"") -> 8.15 Logging; 8.16 Monitoring activities | Q4: =IFERROR(VLOOKUP(B4,Control_Library!$A$2:$E$11,3,FALSE),"") -> Accountability and security of processing | R4: =IFERROR(VLOOKUP(B4,Control_Library!$A$2:$E$11,4,FALSE),"") -> Security logs are not centrally retained or regularly reviewed | S4: =IFERROR(VLOOKUP(B4,Control_Library!$A$2:$E$11,5,FALSE),"") -> Enable central logging, alert tuning, and evidence retention aligned to policy | T4: Security Team | U4: 46130.844 | V4: Open | W4: Maps to SOC + governance blend
A5: =IF(B5="","","R-"&TEXT(ROW()-1,"000")) -> R-004 | B5: OT / ICS Security | C5: Shipboard engineering support network | D5: Weak segmentation or hardening in OT environments could impact operations | E5: Flat network / insecure remote access | F5: Site-specific practices vary | G5: 3 | H5: 5 | I5: =IF(OR(G5="",H5=""),"",G5*H5) -> 15 | J5: =IF(I5="","",IF(I5>=15,"High",IF(I5>=8,"Medium","Low"))) -> High | K5: 2 | L5: =IF(OR(G5="",K5=""),"",MAX(1,G5-ROUND(K5/2,0))) -> 2 | M5: =IF(OR(H5="",K5=""),"",MAX(1,H5-ROUND(K5/3,0))) -> 4 | N5: =IF(OR(L5="",M5=""),"",L5*M5) -> 8 | O5: =IF(N5="","",IF(N5>=15,"High",IF(N5>=8,"Medium","Low"))) -> Medium | P5: =IFERROR(VLOOKUP(B5,Control_Library!$A$2:$E$11,2,FALSE),"") -> 8.20 Network security; 8.9 Configuration management; 8.19 Installation of software on operational systems | Q5: =IFERROR(VLOOKUP(B5,Control_Library!$A$2:$E$11,3,FALSE),"") -> Security of processing / safety-aligned technical measures | R5: =IFERROR(VLOOKUP(B5,Control_Library!$A$2:$E$11,4,FALSE),"") -> Industrial devices lack hardening standards and segmentation review | S5: =IFERROR(VLOOKUP(B5,Control_Library!$A$2:$E$11,5,FALSE),"") -> Define OT baseline hardening, secure remote access, and segmented architecture reviews | T5: Engineering | U5: 46169.844 | V5: Open | W5: Good talking point for IT/OT consulting roles
A6: =IF(B6="","","R-"&TEXT(ROW()-1,"000")) | I6: =IF(OR(G6="",H6=""),"",G6*H6) | J6: =IF(I6="","",IF(I6>=15,"High",IF(I6>=8,"Medium","Low"))) | L6: =IF(OR(G6="",K6=""),"",MAX(1,G6-ROUND(K6/2,0))) | M6: =IF(OR(H6="",K6=""),"",MAX(1,H6-ROUND(K6/3,0))) | N6: =IF(OR(L6="",M6=""),"",L6*M6) | O6: =IF(N6="","",IF(N6>=15,"High",IF(N6>=8,"Medium","Low"))) | P6: =IFERROR(VLOOKUP(B6,Control_Library!$A$2:$E$11,2,FALSE),"") | Q6: =IFERROR(VLOOKUP(B6,Control_Library!$A$2:$E$11,3,FALSE),"") | R6: =IFERROR(VLOOKUP(B6,Control_Library!$A$2:$E$11,4,FALSE),"") | S6: =IFERROR(VLOOKUP(B6,Control_Library!$A$2:$E$11,5,FALSE),"")
A7: =IF(B7="","","R-"&TEXT(ROW()-1,"000")) | I7: =IF(OR(G7="",H7=""),"",G7*H7) | J7: =IF(I7="","",IF(I7>=15,"High",IF(I7>=8,"Medium","Low"))) | L7: =IF(OR(G7="",K7=""),"",MAX(1,G7-ROUND(K7/2,0))) | M7: =IF(OR(H7="",K7=""),"",MAX(1,H7-ROUND(K7/3,0))) | N7: =IF(OR(L7="",M7=""),"",L7*M7) | O7: =IF(N7="","",IF(N7>=15,"High",IF(N7>=8,"Medium","Low"))) | P7: =IFERROR(VLOOKUP(B7,Control_Library!$A$2:$E$11,2,FALSE),"") | Q7: =IFERROR(VLOOKUP(B7,Control_Library!$A$2:$E$11,3,FALSE),"") | R7: =IFERROR(VLOOKUP(B7,Control_Library!$A$2:$E$11,4,FALSE),"") | S7: =IFERROR(VLOOKUP(B7,Control_Library!$A$2:$E$11,5,FALSE),"")
A8: =IF(B8="","","R-"&TEXT(ROW()-1,"000")) | I8: =IF(OR(G8="",H8=""),"",G8*H8) | J8: =IF(I8="","",IF(I8>=15,"High",IF(I8>=8,"Medium","Low"))) | L8: =IF(OR(G8="",K8=""),"",MAX(1,G8-ROUND(K8/2,0))) | M8: =IF(OR(H8="",K8=""),"",MAX(1,H8-ROUND(K8/3,0))) | N8: =IF(OR(L8="",M8=""),"",L8*M8) | O8: =IF(N8="","",IF(N8>=15,"High",IF(N8>=8,"Medium","Low"))) | P8: =IFERROR(VLOOKUP(B8,Control_Library!$A$2:$E$11,2,FALSE),"") | Q8: =IFERROR(VLOOKUP(B8,Control_Library!$A$2:$E$11,3,FALSE),"") | R8: =IFERROR(VLOOKUP(B8,Control_Library!$A$2:$E$11,4,FALSE),"") | S8: =IFERROR(VLOOKUP(B8,Control_Library!$A$2:$E$11,5,FALSE),"")
A9: =IF(B9="","","R-"&TEXT(ROW()-1,"000")) | I9: =IF(OR(G9="",H9=""),"",G9*H9) | J9: =IF(I9="","",IF(I9>=15,"High",IF(I9>=8,"Medium","Low"))) | L9: =IF(OR(G9="",K9=""),"",MAX(1,G9-ROUND(K9/2,0))) | M9: =IF(OR(H9="",K9=""),"",MAX(1,H9-ROUND(K9/3,0))) | N9: =IF(OR(L9="",M9=""),"",L9*M9) | O9: =IF(N9="","",IF(N9>=15,"High",IF(N9>=8,"Medium","Low"))) | P9: =IFERROR(VLOOKUP(B9,Control_Library!$A$2:$E$11,2,FALSE),"") | Q9: =IFERROR(VLOOKUP(B9,Control_Library!$A$2:$E$11,3,FALSE),"") | R9: =IFERROR(VLOOKUP(B9,Control_Library!$A$2:$E$11,4,FALSE),"") | S9: =IFERROR(VLOOKUP(B9,Control_Library!$A$2:$E$11,5,FALSE),"")
A10: =IF(B10="","","R-"&TEXT(ROW()-1,"000")) | I10: =IF(OR(G10="",H10=""),"",G10*H10) | J10: =IF(I10="","",IF(I10>=15,"High",IF(I10>=8,"Medium","Low"))) | L10: =IF(OR(G10="",K10=""),"",MAX(1,G10-ROUND(K10/2,0))) | M10: =IF(OR(H10="",K10=""),"",MAX(1,H10-ROUND(K10/3,0))) | N10: =IF(OR(L10="",M10=""),"",L10*M10) | O10: =IF(N10="","",IF(N10>=15,"High",IF(N10>=8,"Medium","Low"))) | P10: =IFERROR(VLOOKUP(B10,Control_Library!$A$2:$E$11,2,FALSE),"") | Q10: =IFERROR(VLOOKUP(B10,Control_Library!$A$2:$E$11,3,FALSE),"") | R10: =IFERROR(VLOOKUP(B10,Control_Library!$A$2:$E$11,4,FALSE),"") | S10: =IFERROR(VLOOKUP(B10,Control_Library!$A$2:$E$11,5,FALSE),"")
A11: =IF(B11="","","R-"&TEXT(ROW()-1,"000")) | I11: =IF(OR(G11="",H11=""),"",G11*H11) | J11: =IF(I11="","",IF(I11>=15,"High",IF(I11>=8,"Medium","Low"))) | L11: =IF(OR(G11="",K11=""),"",MAX(1,G11-ROUND(K11/2,0))) | M11: =IF(OR(H11="",K11=""),"",MAX(1,H11-ROUND(K11/3,0))) | N11: =IF(OR(L11="",M11=""),"",L11*M11) | O11: =IF(N11="","",IF(N11>=15,"High",IF(N11>=8,"Medium","Low"))) | P11: =IFERROR(VLOOKUP(B11,Control_Library!$A$2:$E$11,2,FALSE),"") | Q11: =IFERROR(VLOOKUP(B11,Control_Library!$A$2:$E$11,3,FALSE),"") | R11: =IFERROR(VLOOKUP(B11,Control_Library!$A$2:$E$11,4,FALSE),"") | S11: =IFERROR(VLOOKUP(B11,Control_Library!$A$2:$E$11,5,FALSE),"")
A12: =IF(B12="","","R-"&TEXT(ROW()-1,"000")) | I12: =IF(OR(G12="",H12=""),"",G12*H12) | J12: =IF(I12="","",IF(I12>=15,"High",IF(I12>=8,"Medium","Low"))) | L12: =IF(OR(G12="",K12=""),"",MAX(1,G12-ROUND(K12/2,0))) | M12: =IF(OR(H12="",K12=""),"",MAX(1,H12-ROUND(K12/3,0))) | N12: =IF(OR(L12="",M12=""),"",L12*M12) | O12: =IF(N12="","",IF(N12>=15,"High",IF(N12>=8,"Medium","Low"))) | P12: =IFERROR(VLOOKUP(B12,Control_Library!$A$2:$E$11,2,FALSE),"") | Q12: =IFERROR(VLOOKUP(B12,Control_Library!$A$2:$E$11,3,FALSE),"") | R12: =IFERROR(VLOOKUP(B12,Control_Library!$A$2:$E$11,4,FALSE),"") | S12: =IFERROR(VLOOKUP(B12,Control_Library!$A$2:$E$11,5,FALSE),"")
A13: =IF(B13="","","R-"&TEXT(ROW()-1,"000")) | I13: =IF(OR(G13="",H13=""),"",G13*H13) | J13: =IF(I13="","",IF(I13>=15,"High",IF(I13>=8,"Medium","Low"))) | L13: =IF(OR(G13="",K13=""),"",MAX(1,G13-ROUND(K13/2,0))) | M13: =IF(OR(H13="",K13=""),"",MAX(1,H13-ROUND(K13/3,0))) | N13: =IF(OR(L13="",M13=""),"",L13*M13) | O13: =IF(N13="","",IF(N13>=15,"High",IF(N13>=8,"Medium","Low"))) | P13: =IFERROR(VLOOKUP(B13,Control_Library!$A$2:$E$11,2,FALSE),"") | Q13: =IFERROR(VLOOKUP(B13,Control_Library!$A$2:$E$11,3,FALSE),"") | R13: =IFERROR(VLOOKUP(B13,Control_Library!$A$2:$E$11,4,FALSE),"") | S13: =IFERROR(VLOOKUP(B13,Control_Library!$A$2:$E$11,5,FALSE),"")
A14: =IF(B14="","","R-"&TEXT(ROW()-1,"000")) | I14: =IF(OR(G14="",H14=""),"",G14*H14) | J14: =IF(I14="","",IF(I14>=15,"High",IF(I14>=8,"Medium","Low"))) | L14: =IF(OR(G14="",K14=""),"",MAX(1,G14-ROUND(K14/2,0))) | M14: =IF(OR(H14="",K14=""),"",MAX(1,H14-ROUND(K14/3,0))) | N14: =IF(OR(L14="",M14=""),"",L14*M14) | O14: =IF(N14="","",IF(N14>=15,"High",IF(N14>=8,"Medium","Low"))) | P14: =IFERROR(VLOOKUP(B14,Control_Library!$A$2:$E$11,2,FALSE),"") | Q14: =IFERROR(VLOOKUP(B14,Control_Library!$A$2:$E$11,3,FALSE),"") | R14: =IFERROR(VLOOKUP(B14,Control_Library!$A$2:$E$11,4,FALSE),"") | S14: =IFERROR(VLOOKUP(B14,Control_Library!$A$2:$E$11,5,FALSE),"")
A15: =IF(B15="","","R-"&TEXT(ROW()-1,"000")) | I15: =IF(OR(G15="",H15=""),"",G15*H15) | J15: =IF(I15="","",IF(I15>=15,"High",IF(I15>=8,"Medium","Low"))) | L15: =IF(OR(G15="",K15=""),"",MAX(1,G15-ROUND(K15/2,0))) | M15: =IF(OR(H15="",K15=""),"",MAX(1,H15-ROUND(K15/3,0))) | N15: =IF(OR(L15="",M15=""),"",L15*M15) | O15: =IF(N15="","",IF(N15>=15,"High",IF(N15>=8,"Medium","Low"))) | P15: =IFERROR(VLOOKUP(B15,Control_Library!$A$2:$E$11,2,FALSE),"") | Q15: =IFERROR(VLOOKUP(B15,Control_Library!$A$2:$E$11,3,FALSE),"") | R15: =IFERROR(VLOOKUP(B15,Control_Library!$A$2:$E$11,4,FALSE),"") | S15: =IFERROR(VLOOKUP(B15,Control_Library!$A$2:$E$11,5,FALSE),"")
A16: =IF(B16="","","R-"&TEXT(ROW()-1,"000")) | I16: =IF(OR(G16="",H16=""),"",G16*H16) | J16: =IF(I16="","",IF(I16>=15,"High",IF(I16>=8,"Medium","Low"))) | L16: =IF(OR(G16="",K16=""),"",MAX(1,G16-ROUND(K16/2,0))) | M16: =IF(OR(H16="",K16=""),"",MAX(1,H16-ROUND(K16/3,0))) | N16: =IF(OR(L16="",M16=""),"",L16*M16) | O16: =IF(N16="","",IF(N16>=15,"High",IF(N16>=8,"Medium","Low"))) | P16: =IFERROR(VLOOKUP(B16,Control_Library!$A$2:$E$11,2,FALSE),"") | Q16: =IFERROR(VLOOKUP(B16,Control_Library!$A$2:$E$11,3,FALSE),"") | R16: =IFERROR(VLOOKUP(B16,Control_Library!$A$2:$E$11,4,FALSE),"") | S16: =IFERROR(VLOOKUP(B16,Control_Library!$A$2:$E$11,5,FALSE),"")
A17: =IF(B17="","","R-"&TEXT(ROW()-1,"000")) | I17: =IF(OR(G17="",H17=""),"",G17*H17) | J17: =IF(I17="","",IF(I17>=15,"High",IF(I17>=8,"Medium","Low"))) | L17: =IF(OR(G17="",K17=""),"",MAX(1,G17-ROUND(K17/2,0))) | M17: =IF(OR(H17="",K17=""),"",MAX(1,H17-ROUND(K17/3,0))) | N17: =IF(OR(L17="",M17=""),"",L17*M17) | O17: =IF(N17="","",IF(N17>=15,"High",IF(N17>=8,"Medium","Low"))) | P17: =IFERROR(VLOOKUP(B17,Control_Library!$A$2:$E$11,2,FALSE),"") | Q17: =IFERROR(VLOOKUP(B17,Control_Library!$A$2:$E$11,3,FALSE),"") | R17: =IFERROR(VLOOKUP(B17,Control_Library!$A$2:$E$11,4,FALSE),"") | S17: =IFERROR(VLOOKUP(B17,Control_Library!$A$2:$E$11,5,FALSE),"")
... A61: =IF(B61="","","R-"&TEXT(ROW()-1,"000")) | I61: =IF(OR(G61="",H61=""),"",G61*H61) | J61: =IF(I61="","",IF(I61>=15,"High",IF(I61>=8,"Medium","Low"))) | L61: =IF(OR(G61="",K61=""),"",MAX(1,G61-ROUND(K61/2,0))) | M61: =IF(OR(H61="",K61=""),"",MAX(1,H61-ROUND(K61/3,0))) | N61: =IF(OR(L61="",M61=""),"",L61*M61) | O61: =IF(N61="","",IF(N61>=15,"High",IF(N61>=8,"Medium","Low"))) | P61: =IFERROR(VLOOKUP(B61,Control_Library!$A$2:$E$11,2,FALSE),"") | Q61: =IFERROR(VLOOKUP(B61,Control_Library!$A$2:$E$11,3,FALSE),"") | R61: =IFERROR(VLOOKUP(B61,Control_Library!$A$2:$E$11,4,FALSE),"") | S61: =IFERROR(VLOOKUP(B61,Control_Library!$A$2:$E$11,5,FALSE),"")

Sheet Dashboard
A1: GRC Dashboard
A3: Total risks | C3: High inherent | E3: High residual
A4: =COUNTA(Risk_Register!$D$2:$D$61) -> 4 | C4: =COUNTIF(Risk_Register!$J$2:$J$61,"High") -> 3 | E4: =COUNTIF(Risk_Register!$O$2:$O$61,"High") -> 0
A6: Open / in progress | C6: Average residual score | E6: Overdue actions
A7: =COUNTIF(Risk_Register!$V$2:$V$61,"Open")+COUNTIF(Risk_Register!$V$2:$V$61,"In Progress") -> 4 | C7: =IFERROR(AVERAGEIF(Risk_Register!$N$2:$N$61,">0"),0) -> 7 | E7: =COUNTIFS(Risk_Register!$U$2:$U$61,"<"&TODAY(),Risk_Register!$V$2:$V$61,"<>Closed",Risk_Register!$U$2:$U$61,"<>") -> 0
A10: Residual risk by domain | F10: Status summary
A11: Domain | B11: Total Risks | C11: High Residual | D11: Open Risks | F11: Status | G11: Count
A12: Access Control | B12: =COUNTIF(Risk_Register!$B$2:$B$61,A12) -> 0 | C12: =COUNTIFS(Risk_Register!$B$2:$B$61,A12,Risk_Register!$O$2:$O$61,"High") -> 0 | D12: =COUNTIFS(Risk_Register!$B$2:$B$61,A12,Risk_Register!$V$2:$V$61,"Open")+COUNTIFS(Risk_Register!$B$2:$B$61,A12,Risk_Register!$V$2:$V$61,"In Progress") -> 0 | F12: Open | G12: =COUNTIF(Risk_Register!$V$2:$V$61,F12) -> 3
A13: Data Protection / DLP | B13: =COUNTIF(Risk_Register!$B$2:$B$61,A13) -> 1 | C13: =COUNTIFS(Risk_Register!$B$2:$B$61,A13,Risk_Register!$O$2:$O$61,"High") -> 0 | D13: =COUNTIFS(Risk_Register!$B$2:$B$61,A13,Risk_Register!$V$2:$V$61,"Open")+COUNTIFS(Risk_Register!$B$2:$B$61,A13,Risk_Register!$V$2:$V$61,"In Progress") -> 1 | F13: In Progress | G13: =COUNTIF(Risk_Register!$V$2:$V$61,F13) -> 1
A14: Asset Inventory | B14: =COUNTIF(Risk_Register!$B$2:$B$61,A14) -> 0 | C14: =COUNTIFS(Risk_Register!$B$2:$B$61,A14,Risk_Register!$O$2:$O$61,"High") -> 0 | D14: =COUNTIFS(Risk_Register!$B$2:$B$61,A14,Risk_Register!$V$2:$V$61,"Open")+COUNTIFS(Risk_Register!$B$2:$B$61,A14,Risk_Register!$V$2:$V$61,"In Progress") -> 0 | F14: Mitigated | G14: =COUNTIF(Risk_Register!$V$2:$V$61,F14) -> 0
A15: Third-Party Risk | B15: =COUNTIF(Risk_Register!$B$2:$B$61,A15) -> 1 | C15: =COUNTIFS(Risk_Register!$B$2:$B$61,A15,Risk_Register!$O$2:$O$61,"High") -> 0 | D15: =COUNTIFS(Risk_Register!$B$2:$B$61,A15,Risk_Register!$V$2:$V$61,"Open")+COUNTIFS(Risk_Register!$B$2:$B$61,A15,Risk_Register!$V$2:$V$61,"In Progress") -> 1 | F15: Accepted | G15: =COUNTIF(Risk_Register!$V$2:$V$61,F15) -> 0
A16: Vulnerability Management | B16: =COUNTIF(Risk_Register!$B$2:$B$61,A16) -> 0 | C16: =COUNTIFS(Risk_Register!$B$2:$B$61,A16,Risk_Register!$O$2:$O$61,"High") -> 0 | D16: =COUNTIFS(Risk_Register!$B$2:$B$61,A16,Risk_Register!$V$2:$V$61,"Open")+COUNTIFS(Risk_Register!$B$2:$B$61,A16,Risk_Register!$V$2:$V$61,"In Progress") -> 0 | F16: Closed | G16: =COUNTIF(Risk_Register!$V$2:$V$61,F16) -> 0
A17: Logging & Monitoring | B17: =COUNTIF(Risk_Register!$B$2:$B$61,A17) -> 1 | C17: =COUNTIFS(Risk_Register!$B$2:$B$61,A17,Risk_Register!$O$2:$O$61,"High") -> 0 | D17: =COUNTIFS(Risk_Register!$B$2:$B$61,A17,Risk_Register!$V$2:$V$61,"Open")+COUNTIFS(Risk_Register!$B$2:$B$61,A17,Risk_Register!$V$2:$V$61,"In Progress") -> 1
A18: Incident Response | B18: =COUNTIF(Risk_Register!$B$2:$B$61,A18) -> 0 | C18: =COUNTIFS(Risk_Register!$B$2:$B$61,A18,Risk_Register!$O$2:$O$61,"High") -> 0 | D18: =COUNTIFS(Risk_Register!$B$2:$B$61,A18,Risk_Register!$V$2:$V$61,"Open")+COUNTIFS(Risk_Register!$B$2:$B$61,A18,Risk_Register!$V$2:$V$61,"In Progress") -> 0
A19: Backup & Recovery | B19: =COUNTIF(Risk_Register!$B$2:$B$61,A19) -> 0 | C19: =COUNTIFS(Risk_Register!$B$2:$B$61,A19,Risk_Register!$O$2:$O$61,"High") -> 0 | D19: =COUNTIFS(Risk_Register!$B$2:$B$61,A19,Risk_Register!$V$2:$V$61,"Open")+COUNTIFS(Risk_Register!$B$2:$B$61,A19,Risk_Register!$V$2:$V$61,"In Progress") -> 0
A20: Network Segmentation | B20: =COUNTIF(Risk_Register!$B$2:$B$61,A20) -> 0 | C20: =COUNTIFS(Risk_Register!$B$2:$B$61,A20,Risk_Register!$O$2:$O$61,"High") -> 0 | D20: =COUNTIFS(Risk_Register!$B$2:$B$61,A20,Risk_Register!$V$2:$V$61,"Open")+COUNTIFS(Risk_Register!$B$2:$B$61,A20,Risk_Register!$V$2:$V$61,"In Progress") -> 0
A21: OT / ICS Security | B21: =COUNTIF(Risk_Register!$B$2:$B$61,A21) -> 1 | C21: =COUNTIFS(Risk_Register!$B$2:$B$61,A21,Risk_Register!$O$2:$O$61,"High") -> 0 | D21: =COUNTIFS(Risk_Register!$B$2:$B$61,A21,Risk_Register!$V$2:$V$61,"Open")+COUNTIFS(Risk_Register!$B$2:$B$61,A21,Risk_Register!$V$2:$V$61,"In Progress") -> 1
A24: Likelihood / Impact heatmap
B25: 1 | C25: 2 | D25: 3 | E25: 4 | F25: 5
A26: 1 | B26: =COUNTIFS(Risk_Register!$L$2:$L$61,$A26,Risk_Register!$M$2:$M$61,B$25) -> 0 | C26: =COUNTIFS(Risk_Register!$L$2:$L$61,$A26,Risk_Register!$M$2:$M$61,C$25) -> 0 | D26: =COUNTIFS(Risk_Register!$L$2:$L$61,$A26,Risk_Register!$M$2:$M$61,D$25) -> 0 | E26: =COUNTIFS(Risk_Register!$L$2:$L$61,$A26,Risk_Register!$M$2:$M$61,E$25) -> 0 | F26: =COUNTIFS(Risk_Register!$L$2:$L$61,$A26,Risk_Register!$M$2:$M$61,F$25) -> 0
A27: 2 | B27: =COUNTIFS(Risk_Register!$L$2:$L$61,$A27,Risk_Register!$M$2:$M$61,B$25) -> 0 | C27: =COUNTIFS(Risk_Register!$L$2:$L$61,$A27,Risk_Register!$M$2:$M$61,C$25) -> 0 | D27: =COUNTIFS(Risk_Register!$L$2:$L$61,$A27,Risk_Register!$M$2:$M$61,D$25) -> 2 | E27: =COUNTIFS(Risk_Register!$L$2:$L$61,$A27,Risk_Register!$M$2:$M$61,E$25) -> 2 | F27: =COUNTIFS(Risk_Register!$L$2:$L$61,$A27,Risk_Register!$M$2:$M$61,F$25) -> 0
A28: 3 | B28: =COUNTIFS(Risk_Register!$L$2:$L$61,$A28,Risk_Register!$M$2:$M$61,B$25) -> 0 | C28: =COUNTIFS(Risk_Register!$L$2:$L$61,$A28,Risk_Register!$M$2:$M$61,C$25) -> 0 | D28: =COUNTIFS(Risk_Register!$L$2:$L$61,$A28,Risk_Register!$M$2:$M$61,D$25) -> 0 | E28: =COUNTIFS(Risk_Register!$L$2:$L$61,$A28,Risk_Register!$M$2:$M$61,E$25) -> 0 | F28: =COUNTIFS(Risk_Register!$L$2:$L$61,$A28,Risk_Register!$M$2:$M$61,F$25) -> 0
A29: 4 | B29: =COUNTIFS(Risk_Register!$L$2:$L$61,$A29,Risk_Register!$M$2:$M$61,B$25) -> 0 | C29: =COUNTIFS(Risk_Register!$L$2:$L$61,$A29,Risk_Register!$M$2:$M$61,C$25) -> 0 | D29: =COUNTIFS(Risk_Register!$L$2:$L$61,$A29,Risk_Register!$M$2:$M$61,D$25) -> 0 | E29: =COUNTIFS(Risk_Register!$L$2:$L$61,$A29,Risk_Register!$M$2:$M$61,E$25) -> 0 | F29: =COUNTIFS(Risk_Register!$L$2:$L$61,$A29,Risk_Register!$M$2:$M$61,F$25) -> 0
A30: 5 | B30: =COUNTIFS(Risk_Register!$L$2:$L$61,$A30,Risk_Register!$M$2:$M$61,B$25) -> 0 | C30: =COUNTIFS(Risk_Register!$L$2:$L$61,$A30,Risk_Register!$M$2:$M$61,C$25) -> 0 | D30: =COUNTIFS(Risk_Register!$L$2:$L$61,$A30,Risk_Register!$M$2:$M$61,D$25) -> 0 | E30: =COUNTIFS(Risk_Register!$L$2:$L$61,$A30,Risk_Register!$M$2:$M$61,E$25) -> 0 | F30: =COUNTIFS(Risk_Register!$L$2:$L$61,$A30,Risk_Register!$M$2:$M$61,F$25) -> 0
